<?xml version="1.0"?>
<!--Created by Liquid XML 2008 (www.liquid-technologies.com) for Altera-->
<ProgramExecution xmlns:xs="http://www.w3.org/2001/XMLSchema-instance">
	<QuartusExecution>
		<AddressBits>64</AddressBits>
		<ApplicationError>
		<Bits>64</Bits>
		<CommandLine>quartus</CommandLine>
		<ErrorMessage>Access Violation at 0X00007FF458119F80</ErrorMessage>
		<Line>0</Line>
		<Platform>windows</Platform>
		<SourceFile>unknown</SourceFile>
		<StackTrace>
	0x7ff458119f7f:
	 0x713dda63: (?queryAccessibleInterface@QAccessible@@SAPEAVQAccessibleInterface@@PEAVQObject@@@Z + 0x33)
	 0x713e403c: (?setRootObject@QAccessible@@SAXPEAVQObject@@@Z + 0x153c)
	 0x713e52e9: (?setRootObject@QAccessible@@SAXPEAVQObject@@@Z + 0x27e9)
	0x7ffc223da990: (CreateStdAccessibleProxyW + 0x510)
	0x7ffc0edeed82:
	0x7ffc0ee89da1: (UiaRegisterProviderCallback + 0x43e41)
	0x7ffc0edf26b8:
	0x7ffc0ee6951e: (UiaRegisterProviderCallback + 0x235be)
	0x7ffc0eeeb390: (WindowPattern_WaitForInputIdle + 0x26c50)
	0x7ffc0ee98bd3: (UiaRegisterProviderCallback + 0x52c73)
	0x7ffc0edf2879:
	0x7ffc4093cedf: (Ordinal2555 + 0x1af)
	0x7ffc40944cac: (IsIconic + 0x1bc)
	0x7ffc42667ad3: (KiUserCallbackDispatcher + 0x23)
	0x7ffc402513b3: (NtUserPeekMessage + 0x13)
	0x7ffc40939fae: (PeekMessageW + 0x1ce)
	0x7ffc40939f19: (PeekMessageW + 0x139)
	 0x70dd2d77: (?processEvents@QEventDispatcherWin32@@UEAA_NV?$QFlags@W4ProcessEventsFlag@QEventLoop@@@@@Z + 0x1c7)
	 0x71003564: (?translateTouchEvent@QApplicationPrivate@@QEAA_NAEBUtagMSG@@@Z + 0x884)
	 0x70da9cf0: (?exec@QEventLoop@@QEAAHV?$QFlags@W4ProcessEventsFlag@QEventLoop@@@@@Z + 0x230)
	 0x713a0e3c: (?exec@QDialog@@QEAAHXZ + 0xec)
	0x7ffbb76d5745: (?internal_error_display@AFCQ_MSG_DISPLAY@@UEAAXV?$basic_string@DU?$char_traits@D@_Dinkum_std@@V?$MEM_STL_ALLOCATOR@D@@@_Dinkum_std@@@Z + 0x1c5)
	0x7ffc2a333d57: (?internal_error@MSG_REPORT@@UEAAXAEBV?$basic_string@DU?$char_traits@D@_Dinkum_std@@V?$MEM_STL_ALLOCATOR@D@@@_Dinkum_std@@@Z + 0x127)
	0x7ffc2a343e8e: (?set_talkback_xml@MSG_INTERNAL_ERROR@@SAXPEBD_J@Z + 0x109e)
	0x7ffc2a344269: (?report_fatal@MSG_INTERNAL_ERROR@@SAXPEBDPEAX@Z + 0x179)
	0x7ffc3b344220: (?err_report_fatal_exception@@YAXPEBDPEAX@Z + 0x70)
	0x7ffc3b3444b9: (?err_report_fatal_exception@@YAXPEBDPEAX@Z + 0x309)
	0x7ffc3fbd5ef0: (UnhandledExceptionFilter + 0x1f0)
	0x7ffc4269bd21: (LdrResolveDelayLoadsFromDll + 0x1041)
	0x7ffc42667a3f: (KiUserApcDispatcher + 0x9f)
	0x7ffc42668b1e: (__chkstk + 0x12e)
	0x7ffc425f5b99: (RtlRestoreContext + 0x8a9)
	0x7ffc42667b2d: (KiUserExceptionDispatcher + 0x2d)
	0x7ff458ae008f:
	 0x713dda63: (?queryAccessibleInterface@QAccessible@@SAPEAVQAccessibleInterface@@PEAVQObject@@@Z + 0x33)
	 0x713e403c: (?setRootObject@QAccessible@@SAXPEAVQObject@@@Z + 0x153c)
	 0x713e52e9: (?setRootObject@QAccessible@@SAXPEAVQObject@@@Z + 0x27e9)
	0x7ffc223da990: (CreateStdAccessibleProxyW + 0x510)
	0x7ffc0edeed82:
	0x7ffc0ee89da1: (UiaRegisterProviderCallback + 0x43e41)
	0x7ffc0edf26b8:
	0x7ffc0edf25ce:
	0x7ffc0edf2c99:
	0x7ffc0edf2879:
	0x7ffc4093cedf: (Ordinal2555 + 0x1af)
	0x7ffc40944cac: (IsIconic + 0x1bc)
	0x7ffc42667ad3: (KiUserCallbackDispatcher + 0x23)
	0x7ffc402513b3: (NtUserPeekMessage + 0x13)
	0x7ffc40939fae: (PeekMessageW + 0x1ce)
	0x7ffc40939f19: (PeekMessageW + 0x139)
	 0x71000a6f: (?winFocus@QApplication@@QEAAXPEAVQWidget@@_N@Z + 0x18f)
	 0x71003f4c: (?restoreOverrideCursor@QApplication@@SAXXZ + 0x93c)
	0x7ffc40931ceb: (CallWindowProcW + 0x43b)
	0x7ffc40930f45: (DispatchMessageW + 0x2b5)
	 0x70dd2f69: (?processEvents@QEventDispatcherWin32@@UEAA_NV?$QFlags@W4ProcessEventsFlag@QEventLoop@@@@@Z + 0x3b9)
	 0x71003564: (?translateTouchEvent@QApplicationPrivate@@QEAA_NAEBUtagMSG@@@Z + 0x884)
	 0x70da9cf0: (?exec@QEventLoop@@QEAAHV?$QFlags@W4ProcessEventsFlag@QEventLoop@@@@@Z + 0x230)
	 0x70dae5ff: (?exec@QCoreApplication@@SAHXZ + 0xdf)
	0x7ff60a71108e:
	0x7ffc2a32a7f8: (?msg_exe_fini@@YAXXZ + 0x58)
	0x7ffc2a32af3c: (?msg_exe_fini@@YAXXZ + 0x79c)
	0x7ffc2c8e1f14: (??1MEM_SEGMENT_INTERNAL@@UEAA@XZ + 0x194)
	0x7ffc2a32b8bf: (?msg_exe_main@@YAHHPEAPEBDP6AHH0@Z@Z + 0x8f)
	0x7ff60a711ab2:
	0x7ff60a7113de:
	0x7ffc40b2559f: (BaseThreadInitThunk + 0xf)
	0x7ffc425c485a: (RtlUserThreadStart + 0x2a)
		</StackTrace>
		<Subsystem>unknown</Subsystem>
	</ApplicationError>
	<Compilation>
			<CompileID>0</CompileID>
			<DeviceFamily/>
			<IncrementalCompilation/>
			<TopLevelEntityName/>
		</Compilation>
		<DateInvoked>2023/04/26 09:45:29</DateInvoked>
		<ElapsedTime>458</ElapsedTime>
		<IP>192.168.177.1,192.168.189.1,10.20.118.78</IP>
		<IsInternal>false</IsInternal>
		<IsQt>true</IsQt>
		<License>
			<Edition>Full Version</Edition>
			<LicenseHostID>40ec9920b561</LicenseHostID>
		</License>
		<Machine>
			<CPUCountLogical>12</CPUCountLogical>
			<CPUCountPhysical>1</CPUCountPhysical>
			<CPUSpeed>2592</CPUSpeed>
			<Hostname>DESKTOP-3V7G21Q</Hostname>
			<NIC>
				<Address>40ec9920b565</Address>
			</NIC>
			<NIC>
				<Address>b4a9fc6c6b5e</Address>
			</NIC>
			<NIC>
				<Address>005056c00001</Address>
			</NIC>
			<NIC>
				<Address>005056c00008</Address>
			</NIC>
			<NIC>
				<Address>40ec9920b561</Address>
			</NIC>
			<NIC>
				<Address>40ec9920b562</Address>
			</NIC>
			<NIC>
				<Address>42ec9920b561</Address>
			</NIC>
			<OS>Windows 7</OS>
			<OSAddressBits>64</OSAddressBits>
			<OSVersion>6.2</OSVersion>
			<Platform>windows</Platform>
			<ScreenResolution>unknown</ScreenResolution>
			<TotalPhysicalRAM>16251</TotalPhysicalRAM>
			<TotalVirtualRAM>2816</TotalVirtualRAM>
		</Machine>
		<Name>quartus</Name>
		<PeakMemoryUsed>0</PeakMemoryUsed>
		<ProjectRevision>
			<ProjectName/>
			<Revision/>
		</ProjectRevision>
		<QuartusInstallation>
			<InstallationID>71384925517157.168234554103472</InstallationID>
			<Version>
				<Build>162</Build>
				<BuildSite>SJ</BuildSite>
				<BuildSuffix/>
				<Edition>Full Version</Edition>
				<ServicePack>0</ServicePack>
				<VersionNumber>13.1</VersionNumber>
			</Version>
		</QuartusInstallation>
		<QuartusUser>
			<AlteraUserName/>
			<FAEContactName/>
			<TalkbackStatus>
				<DateSet/>
				<TalkbackOn>true</TalkbackOn>
			</TalkbackStatus>
			<UserID>71384925517157.168234587105612</UserID>
			<UserName>86133</UserName>
		</QuartusUser>
	</QuartusExecution>
	<SchemaVersion>schema_2013-01-18</SchemaVersion>
</ProgramExecution>

