<?xml version="1.0" ?>
<LOG_ROOT>
	<PROJECT NAME="Cymometer">
		<CBX_INST_ENTRY INSTANCE_NAME="|Cymometer_top|Cymometer:Cymometer|fp_conv:fp_conv_base|fp_conv_altfp_convert_nfn:fp_conv_altfp_convert_nfn_component|lpm_compare:cmpr4" CBX_FILE_NAME="cmpr_6mg.tdf"/>
		<CBX_INST_ENTRY INSTANCE_NAME="|Cymometer_top|Cymometer:Cymometer|fp_conv:fp_conv_xsig|fp_conv_altfp_convert_nfn:fp_conv_altfp_convert_nfn_component|lpm_compare:cmpr4" CBX_FILE_NAME="cmpr_6mg.tdf"/>
		<CBX_INST_ENTRY INSTANCE_NAME="|Cymometer_top|Cymometer:Cymometer|counter:counter_gate|lpm_counter:LPM_COUNTER_component" CBX_FILE_NAME="cntr_kti.tdf"/>
		<CBX_INST_ENTRY INSTANCE_NAME="|Cymometer_top|Cymometer:Cymometer|div:div|div_altfp_div_cqh:div_altfp_div_cqh_component|div_altfp_div_pst_0de:altfp_div_pst1|lpm_add_sub:remainder_sub_0" CBX_FILE_NAME="add_sub_p8f.tdf"/>
		<CBX_INST_ENTRY INSTANCE_NAME="|Cymometer_top|Cymometer:Cymometer|fp_conv:fp_conv_50M|fp_conv_altfp_convert_nfn:fp_conv_altfp_convert_nfn_component|lpm_add_sub:add_sub3" CBX_FILE_NAME="add_sub_q0f.tdf"/>
		<CBX_INST_ENTRY INSTANCE_NAME="|Cymometer_top|Cymometer:Cymometer|mult:mult|mult_altfp_mult_cbo:mult_altfp_mult_cbo_component|lpm_add_sub:exp_add_adder" CBX_FILE_NAME="add_sub_e4e.tdf"/>
		<CBX_INST_ENTRY INSTANCE_NAME="|Cymometer_top|Cymometer:Cymometer|fp2int:fp2int|fp2int_altfp_convert_l1n:fp2int_altfp_convert_l1n_component|lpm_add_sub:add_sub4" CBX_FILE_NAME="add_sub_q0f.tdf"/>
		<CBX_INST_ENTRY INSTANCE_NAME="|Cymometer_top|Cymometer:Cymometer|div:div|div_altfp_div_cqh:div_altfp_div_cqh_component|div_altfp_div_pst_0de:altfp_div_pst1|lpm_add_sub:bias_addition" CBX_FILE_NAME="add_sub_4pi.tdf"/>
		<CBX_INST_ENTRY INSTANCE_NAME="|Cymometer_top|Cymometer:Cymometer|fp2int:fp2int|fp2int_altfp_convert_l1n:fp2int_altfp_convert_l1n_component|lpm_add_sub:add_sub5" CBX_FILE_NAME="add_sub_nve.tdf"/>
		<CBX_INST_ENTRY INSTANCE_NAME="|Cymometer_top|Cymometer:Cymometer|fp_conv:fp_conv_50M|fp_conv_altfp_convert_nfn:fp_conv_altfp_convert_nfn_component|lpm_add_sub:add_sub6" CBX_FILE_NAME="add_sub_vff.tdf"/>
		<CBX_INST_ENTRY INSTANCE_NAME="|Cymometer_top|Cymometer:Cymometer|mult:mult|mult_altfp_mult_cbo:mult_altfp_mult_cbo_component|lpm_mult:man_product2_mult" CBX_FILE_NAME="mult_a2t.tdf"/>
		<CBX_INST_ENTRY INSTANCE_NAME="|Cymometer_top|Cymometer:Cymometer|fp2int:fp2int|fp2int_altfp_convert_l1n:fp2int_altfp_convert_l1n_component|lpm_compare:cmpr1" CBX_FILE_NAME="cmpr_90h.tdf"/>
		<CBX_INST_ENTRY INSTANCE_NAME="|Cymometer_top|Cymometer:Cymometer|fp_conv:fp_conv_50M|fp_conv_altfp_convert_nfn:fp_conv_altfp_convert_nfn_component|lpm_add_sub:add_sub7" CBX_FILE_NAME="add_sub_vff.tdf"/>
		<CBX_INST_ENTRY INSTANCE_NAME="|Cymometer_top|Cymometer:Cymometer|fp_conv:fp_conv_base|fp_conv_altfp_convert_nfn:fp_conv_altfp_convert_nfn_component|lpm_add_sub:add_sub6" CBX_FILE_NAME="add_sub_vff.tdf"/>
		<CBX_INST_ENTRY INSTANCE_NAME="|Cymometer_top|Cymometer:Cymometer|fp_conv:fp_conv_xsig|fp_conv_altfp_convert_nfn:fp_conv_altfp_convert_nfn_component|lpm_add_sub:add_sub6" CBX_FILE_NAME="add_sub_vff.tdf"/>
		<CBX_INST_ENTRY INSTANCE_NAME="|Cymometer_top|Cymometer:Cymometer|lpm_mult:Mult0" CBX_FILE_NAME="mult_1ht.tdf"/>
		<CBX_INST_ENTRY INSTANCE_NAME="|Cymometer_top|Cymometer:Cymometer|div:div|div_altfp_div_cqh:div_altfp_div_cqh_component|div_altfp_div_pst_0de:altfp_div_pst1|lpm_mult:q_partial_0" CBX_FILE_NAME="mult_9ds.tdf"/>
		<CBX_INST_ENTRY INSTANCE_NAME="|Cymometer_top|Cymometer:Cymometer|fp2int:fp2int|fp2int_altfp_convert_l1n:fp2int_altfp_convert_l1n_component|lpm_add_sub:add_sub7" CBX_FILE_NAME="add_sub_0gf.tdf"/>
		<CBX_INST_ENTRY INSTANCE_NAME="|Cymometer_top|Cymometer:Cymometer|fp2int:fp2int|fp2int_altfp_convert_l1n:fp2int_altfp_convert_l1n_component|lpm_compare:cmpr2" CBX_FILE_NAME="cmpr_vlg.tdf"/>
		<CBX_INST_ENTRY INSTANCE_NAME="|Cymometer_top|Cymometer:Cymometer|fp_conv:fp_conv_50M|fp_conv_altfp_convert_nfn:fp_conv_altfp_convert_nfn_component|lpm_add_sub:add_sub8" CBX_FILE_NAME="add_sub_pve.tdf"/>
		<CBX_INST_ENTRY INSTANCE_NAME="|Cymometer_top|Cymometer:Cymometer|fp_conv:fp_conv_base|fp_conv_altfp_convert_nfn:fp_conv_altfp_convert_nfn_component|lpm_add_sub:add_sub7" CBX_FILE_NAME="add_sub_vff.tdf"/>
		<CBX_INST_ENTRY INSTANCE_NAME="|Cymometer_top|Cymometer:Cymometer|fp_conv:fp_conv_xsig|fp_conv_altfp_convert_nfn:fp_conv_altfp_convert_nfn_component|lpm_add_sub:add_sub7" CBX_FILE_NAME="add_sub_vff.tdf"/>
		<CBX_INST_ENTRY INSTANCE_NAME="|Cymometer_top|Cymometer:Cymometer|div:div|div_altfp_div_cqh:div_altfp_div_cqh_component|div_altfp_div_pst_0de:altfp_div_pst1|altsyncram:altsyncram3" CBX_FILE_NAME="altsyncram_nmo.tdf"/>
		<CBX_INST_ENTRY INSTANCE_NAME="|Cymometer_top|Cymometer:Cymometer|div:div|div_altfp_div_cqh:div_altfp_div_cqh_component|div_altfp_div_pst_0de:altfp_div_pst1|lpm_mult:q_partial_1" CBX_FILE_NAME="mult_9ds.tdf"/>
		<CBX_INST_ENTRY INSTANCE_NAME="|Cymometer_top|Cymometer:Cymometer|fp2int:fp2int|fp2int_altfp_convert_l1n:fp2int_altfp_convert_l1n_component|lpm_add_sub:add_sub8" CBX_FILE_NAME="add_sub_2gf.tdf"/>
		<CBX_INST_ENTRY INSTANCE_NAME="|Cymometer_top|Cymometer:Cymometer|fp2int:fp2int|fp2int_altfp_convert_l1n:fp2int_altfp_convert_l1n_component|lpm_compare:cmpr3" CBX_FILE_NAME="cmpr_6mg.tdf"/>
		<CBX_INST_ENTRY INSTANCE_NAME="|Cymometer_top|Cymometer:Cymometer|fp_conv:fp_conv_50M|fp_conv_altfp_convert_nfn:fp_conv_altfp_convert_nfn_component|lpm_add_sub:add_sub1" CBX_FILE_NAME="add_sub_51f.tdf"/>
		<CBX_INST_ENTRY INSTANCE_NAME="|Cymometer_top|Cymometer:Cymometer|fp_conv:fp_conv_50M|fp_conv_altfp_convert_nfn:fp_conv_altfp_convert_nfn_component|lpm_compare:cmpr4" CBX_FILE_NAME="cmpr_6mg.tdf"/>
		<CBX_INST_ENTRY INSTANCE_NAME="|Cymometer_top|Cymometer:Cymometer|fp_conv:fp_conv_base|fp_conv_altfp_convert_nfn:fp_conv_altfp_convert_nfn_component|lpm_add_sub:add_sub8" CBX_FILE_NAME="add_sub_pve.tdf"/>
		<CBX_INST_ENTRY INSTANCE_NAME="|Cymometer_top|Cymometer:Cymometer|fp_conv:fp_conv_xsig|fp_conv_altfp_convert_nfn:fp_conv_altfp_convert_nfn_component|lpm_add_sub:add_sub8" CBX_FILE_NAME="add_sub_pve.tdf"/>
		<CBX_INST_ENTRY INSTANCE_NAME="|Cymometer_top|Cymometer:Cymometer|mult:mult|mult_altfp_mult_cbo:mult_altfp_mult_cbo_component|lpm_add_sub:exp_adj_adder" CBX_FILE_NAME="add_sub_d8c.tdf"/>
		<CBX_INST_ENTRY INSTANCE_NAME="|Cymometer_top|Cymometer:Cymometer|mult:mult|mult_altfp_mult_cbo:mult_altfp_mult_cbo_component|lpm_add_sub:exp_bias_subtr" CBX_FILE_NAME="add_sub_0lg.tdf"/>
		<CBX_INST_ENTRY INSTANCE_NAME="|Cymometer_top|Cymometer:Cymometer|mult:mult|mult_altfp_mult_cbo:mult_altfp_mult_cbo_component|lpm_add_sub:man_round_adder" CBX_FILE_NAME="add_sub_ptb.tdf"/>
		<CBX_INST_ENTRY INSTANCE_NAME="|Cymometer_top|Cymometer:Cymometer|div:div|div_altfp_div_cqh:div_altfp_div_cqh_component|div_altfp_div_pst_0de:altfp_div_pst1|lpm_add_sub:exp_sub" CBX_FILE_NAME="add_sub_hth.tdf"/>
		<CBX_INST_ENTRY INSTANCE_NAME="|Cymometer_top|Cymometer:Cymometer|div:div|div_altfp_div_cqh:div_altfp_div_cqh_component|div_altfp_div_pst_0de:altfp_div_pst1|lpm_mult:a1_prod" CBX_FILE_NAME="mult_2ds.tdf"/>
		<CBX_INST_ENTRY INSTANCE_NAME="|Cymometer_top|Cymometer:Cymometer|fp2int:fp2int|fp2int_altfp_convert_l1n:fp2int_altfp_convert_l1n_component|lpm_add_sub:add_sub9" CBX_FILE_NAME="add_sub_81f.tdf"/>
		<CBX_INST_ENTRY INSTANCE_NAME="|Cymometer_top|Cymometer:Cymometer|fp_conv:fp_conv_base|fp_conv_altfp_convert_nfn:fp_conv_altfp_convert_nfn_component|lpm_add_sub:add_sub1" CBX_FILE_NAME="add_sub_51f.tdf"/>
		<CBX_INST_ENTRY INSTANCE_NAME="|Cymometer_top|Cymometer:Cymometer|fp_conv:fp_conv_xsig|fp_conv_altfp_convert_nfn:fp_conv_altfp_convert_nfn_component|lpm_add_sub:add_sub1" CBX_FILE_NAME="add_sub_51f.tdf"/>
		<CBX_INST_ENTRY INSTANCE_NAME="|Cymometer_top|Cymometer:Cymometer|div:div|div_altfp_div_cqh:div_altfp_div_cqh_component|div_altfp_div_pst_0de:altfp_div_pst1|lpm_add_sub:quotient_process" CBX_FILE_NAME="add_sub_hif.tdf"/>
		<CBX_INST_ENTRY INSTANCE_NAME="|Cymometer_top|Cymometer:Cymometer|div:div|div_altfp_div_cqh:div_altfp_div_cqh_component|div_altfp_div_pst_0de:altfp_div_pst1|lpm_mult:b1_prod" CBX_FILE_NAME="mult_0ds.tdf"/>
		<CBX_INST_ENTRY INSTANCE_NAME="|Cymometer_top|Cymometer:Cymometer|div:div|div_altfp_div_cqh:div_altfp_div_cqh_component|div_altfp_div_pst_0de:altfp_div_pst1|lpm_mult:remainder_mult_0" CBX_FILE_NAME="mult_7ds.tdf"/>
		<CBX_INST_ENTRY INSTANCE_NAME="|Cymometer_top|Cymometer:Cymometer|lpm_divide:Div0" CBX_FILE_NAME="lpm_divide_mkm.tdf"/>
		<CBX_INST_ENTRY INSTANCE_NAME="|Cymometer_top|Cymometer:Cymometer|fp_conv:fp_conv_base|fp_conv_altfp_convert_nfn:fp_conv_altfp_convert_nfn_component|lpm_add_sub:add_sub3" CBX_FILE_NAME="add_sub_q0f.tdf"/>
		<CBX_INST_ENTRY INSTANCE_NAME="|Cymometer_top|Cymometer:Cymometer|fp_conv:fp_conv_xsig|fp_conv_altfp_convert_nfn:fp_conv_altfp_convert_nfn_component|lpm_add_sub:add_sub3" CBX_FILE_NAME="add_sub_q0f.tdf"/>
		<CBX_INST_ENTRY INSTANCE_NAME="|Cymometer_top|Cymometer:Cymometer|counter:counter_base|lpm_counter:LPM_COUNTER_component" CBX_FILE_NAME="cntr_kti.tdf"/>
		<CBX_INST_ENTRY INSTANCE_NAME="|Cymometer_top|Cymometer:Cymometer|div:div|div_altfp_div_cqh:div_altfp_div_cqh_component|div_altfp_div_pst_0de:altfp_div_pst1|lpm_compare:cmpr2" CBX_FILE_NAME="cmpr_jng.tdf"/>
		<CBX_INST_ENTRY INSTANCE_NAME="|Cymometer_top|Cymometer:Cymometer|fp2int:fp2int|fp2int_altfp_convert_l1n:fp2int_altfp_convert_l1n_component|lpm_compare:max_shift_compare" CBX_FILE_NAME="cmpr_0mg.tdf"/>
	</PROJECT>
</LOG_ROOT>
